Product,Brand,Price
Padike Credit Card Holder Wallet Credit Card Holder for Women Slim Wallet for Women Card Wallets for Women (Azure),Padike,$9.99
Women's RFID Blocking 100% Leather Large Capacity Zip Around Wallet Phone Holder Clutch Travel Purse Wristlet,Padike Credit Card Holder Wallet Credit Card Holder for Women Slim Wallet for Women Card Wallets for Women (Azure),$29.99
Womens Rfid Blocking Small Compact Bifold Luxury Genuine Leather Pocket Wallet Ladies Mini Purse with ID Window,Lavemi,$11.99
Womens Leather Wallets RFID Blocking Large Capacity Credit Cards Holder Phone Clutch (Purple),Women's RFID Blocking 100% Leather Large Capacity Zip Around Wallet Phone Holder Clutch Travel Purse Wristlet,$29.99
Malia Large Zip Around Wallet,Toughergun,$27.28
"Women's Long Leaf Bifold Wallet Leather Card Holder Purse Zipper Buckle Elegant Clutch Wallet Handbag, Khaki, One Size",Womens Rfid Blocking Small Compact Bifold Luxury Genuine Leather Pocket Wallet Ladies Mini Purse with ID Window,$50.00
Women's Leather RFID Zip Around Wallet Clutch with Wristlet Strap,Swiss Marshall,$8.99
Women's Jet Set Travel Large Trifold Wallet,Womens Leather Wallets RFID Blocking Large Capacity Credit Cards Holder Phone Clutch (Purple),$27.68
Women's Leather RFID Small Indexer Wallet Billfold,GUESS,$29.99
Be Shore Womens Wallet RFID Blocking Zip Around Clutch (Diamond Quilt Indigo),Malia Large Zip Around Wallet,$77.70
Women's Leather RFID Flap Wallet Clutch Organizer,Sweet Cute Chocolate,$24.99
Small Wallets for Women Credit Card Holder Wallet Leather Slim Bifold Zip Pocket Coin Purse (Blue),"Women's Long Leaf Bifold Wallet Leather Card Holder Purse Zipper Buckle Elegant Clutch Wallet Handbag, Khaki, One Size",$19.95
Card Wallets for Women Slim Small Wallet RFID Blocking Slim Bifold 16 Credit Card Holder Case Zip Coin Pocket Purse Clutch (Wine Red),Timberland,$49.00
Women Vegan Leather Wallet Long Bifold Clutch Wallet for Women with Zipper Coin Pocket Purse (Black),Women's Leather RFID Zip Around Wallet Clutch with Wristlet Strap,$29.99
Wallets for Women Rfid Small Womens Wallet Trifold Flower Leather Ladies Wallet with Card Holder Coin Purse,Michael Kors,$15.99
Women Large Wallet with Wristlet Zipper Around Clutch Wallet Money Organizer Purse (Black),Women's Jet Set Travel Large Trifold Wallet,$16.99
Women Wallet PU Leather Large Capacity Trifold Wallet with ID Window Multi Card Organizer Zipper Coin Pocket Purse Clutch,Timberland,$13.98
PFY Long Wallets for Women RFID Blocking Credit Card Holder Purse,Women's Leather RFID Small Indexer Wallet Billfold,$13.79
Small Women Wallet Slim Leather Bifold Purse RFID Blocking Card Holder (Pink),Nautica,$13.98
Wallets for Women Leather Cell Phone Case Holster Bag Long Slim Credit Card Holder Cute Minimalist Coin Purse Thin Large Capacity Zip Clutch Handbag Wallet for Girls Ladies,Be Shore Womens Wallet RFID Blocking Zip Around Clutch (Diamond Quilt Indigo),$17.99
Women Wallets Small Bifold Leather Pocket Wallet Ladies Mini Short Purse,Timberland,$22.99
Womens Wallet RFID Blocking Genuine Leather Multi Credit Card Large Capacity Zip Around Clutch Travel Purse Wristlet,Women's Leather RFID Flap Wallet Clutch Organizer,$11.99
"Wallet, Wristlet, Zip Around, Clutch",SUMGOGO,$15.19
"Wallet Women, PU Leather Leaf Women for Wallet Large Capacity Pendant Card Holder Phone Checkbook，Women Wallets Coins Zipper Pocket with ID Window,Old Rose",Small Wallets for Women Credit Card Holder Wallet Leather Slim Bifold Zip Pocket Coin Purse (Blue),$18.99
Money Manager RFID Women’s Wallet Clutch Organizer (Indigo Buff),SUMGOGO,$10.98
Small Wallets for Women Bifold Slim Coin Purse Zipper ID Card Holder,Card Wallets for Women Slim Small Wallet RFID Blocking Slim Bifold 16 Credit Card Holder Case Zip Coin Pocket Purse Clutch (Wine Red),$13.99
Womens RFID Blocking Large Capacity Luxury Waxed Genuine Leather Clutch Wallet Multi Card Organizer,CornerLife,$17.98
Women Wallets Tassel Bifold Ladies Cluth Wristlet Wrist strap Long Purse,Women Vegan Leather Wallet Long Bifold Clutch Wallet for Women with Zipper Coin Pocket Purse (Black),$22.48
Womens Wallet Tassel Bifold Ladies Cluth Wristlet Wrist strap Long Purse,felofty,$23.53
Women's Genuine Leather Wallet RFID Blocking Credit Card Holder Zipper Purse Cell Phone Handbag,Wallets for Women Rfid Small Womens Wallet Trifold Flower Leather Ladies Wallet with Card Holder Coin Purse,$50.00
Womens Large Capacity Genuine Leather RFID Blocking Wallets Wristlet Clutch Card Holder,CornerLife,$12.99
"Women's Sunflower Wristlet Wallet Large Capacity Leather RFID, Put Card Holder Phone, Zip Sunflower Purse Clutch for Travel Work (Sunflower)",Women Large Wallet with Wristlet Zipper Around Clutch Wallet Money Organizer Purse (Black),$14.91
Small Compact Women Wallet RFID Blocking Genuine Leather Bifold Purse with ID Windows,KELEEL,$19.95
Womens Walllet RFID Blocking Bifold Multi Card Case Wallet with Zipper Pocket,Women Wallet PU Leather Large Capacity Trifold Wallet with ID Window Multi Card Organizer Zipper Coin Pocket Purse Clutch,$15.99
Women's Leather RFID Small Indexer Snap Wallet Billfold,Generic,$29.99
Small Wallet for Women PU Leather Leaf Pendant Card Holder Organizer Zipper Girls Coin Purse,PFY Long Wallets for Women RFID Blocking Credit Card Holder Purse,$24.99
Women Wallet Large Leather Designer Zip Around Card Holder Organizer Ladies Travel Clutch Wristlet,Valentoria,$14.99
Womens Walllet RFID Blocking Bifold Multi Card Case Wallet with Zipper Pocket,Small Women Wallet Slim Leather Bifold Purse RFID Blocking Card Holder (Pink),$14.99
Women Leather Wallet RFID Blocking Small Bifold Zipper Pocket Wallet Card Case Purse with ID Window,Valentoria,$21.59
PofeeXIO Womens Small Bifold Leather Wallets Rfid Ladies Wristlet with Card slots id window Zipper Coin Purse,Wallets for Women Leather Cell Phone Case Holster Bag Long Slim Credit Card Holder Cute Minimalist Coin Purse Thin Large Capacity Zip Clutch Handbag Wallet for Girls Ladies,$26.99
Womens Wallet RFID Blocking Genuine Leather Multi Credit Card Large Capacity Zip Around Clutch Travel Purse Wristlet,AnnabelZ,$25.99
Wallets women small wallet for women PU Leather Organizer Zipper Coin Purse Bifold Small Clutch,Women Wallets Small Bifold Leather Pocket Wallet Ladies Mini Short Purse,$16.69
Women's RFID Mini Soft Leather Bifold Wallet With ID Window Card Sleeve Coin Purse,Moflycom,$19.99
"Women's Executive Bi-Fold Checkbook Slim Wallet, Holds Up to 40 Cards",Womens Wallet RFID Blocking Genuine Leather Multi Credit Card Large Capacity Zip Around Clutch Travel Purse Wristlet,$14.99
Be Shore Womens Wallet RFID Blocking Zip Around Clutch (Black (Buff)),GUESS,$22.99
Jet Set Travel Continental,"Wallet, Wristlet, Zip Around, Clutch",$13.99
Women's Logan Leather RFID-Blocking Tab Clutch Wallet,CALIYO,$29.99
Women's RFID Blocking 100% Leather Large Capacity Zip Around Wallet Phone Holder Clutch Travel Purse Wristlet,"Wallet Women, PU Leather Leaf Women for Wallet Large Capacity Pendant Card Holder Phone Checkbook，Women Wallets Coins Zipper Pocket with ID Window,Old Rose",$36.99
Wallet for Women PU Leather Leaf Pendant Card Holder Phone Checkbook Organizer Zipper Girls Coin Purse,Nautica,$16.99
Women's Pietrarubbia Wallet,Money Manager RFID Women’s Wallet Clutch Organizer (Indigo Buff),$29.99
PofeeXIO Womens Small Bifold Leather Wallets Rfid Ladies Wristlet with Card slots id window Zipper Coin Purse,GEEAD,$37.99
Womens Wallet RFID Blocking Leather Zip Around Wallet Large Capacity Long Purse Credit Card Clutch Wristlet,Small Wallets for Women Bifold Slim Coin Purse Zipper ID Card Holder,$18.86
Roulens Wallet for Women RFID Blocking PU Leather Leaf Pendant Card Holder Phone Checkbook Organizer Zipper Coin Purse,Travelambo,$28.99
Women Wallet RFID Blocking Bifold Genuine Leather Wallet with Double Zipper Pocket Removable Card Sleeve Multi Card Case Phone Holder Clutch (Classic Blue),Womens RFID Blocking Large Capacity Luxury Waxed Genuine Leather Clutch Wallet Multi Card Organizer,$17.98
Leather Wallets for Women - RFID Blocking Checkbook Wallet with Credit Card Slots,CYANB,$22.48
Women's Cotton Zip Id Case Wallet,Women Wallets Tassel Bifold Ladies Cluth Wristlet Wrist strap Long Purse,$14.48
Womens Leather Wallet Small Compact RFID Blocking Credit Card Case Purse with Zipper Pocket,Travelambo,$19.99
Women's Logan Leather RFID-Blocking Zip Around Clutch Wallet with Wristlet Strap,Womens Wallet Tassel Bifold Ladies Cluth Wristlet Wrist strap Long Purse,$17.71
Medium Zip Around Wallet in Signature Canvas (Khaki/Saddle),ANDOILT,$32.95
Women Wallet Soft Leather Designer Trifold Multi Card Organizer Lady Clutch,Women's Genuine Leather Wallet RFID Blocking Credit Card Holder Zipper Purse Cell Phone Handbag,$19.95
Women's Leather RFID Flap Wallet Clutch Organizer,Lavemi,$79.06
Ultra Slim Thin Leather RFID Blocking Credit Card Holder Bifold Clutch Wallets for Women (Purist Blue),Womens Large Capacity Genuine Leather RFID Blocking Wallets Wristlet Clutch Card Holder,$109.00
Women's Leather RFID Zip Around Wallet Clutch with Wristlet Strap,ENYISDAN,$75.00
Women's Wallet Zip Around Wallet for Women Clutch Purse Wristlet Clutch Wallet with Zipper for Women Bohemian style Wallet RFID Blocking Wallet Credit Card Wallet,"Women's Sunflower Wristlet Wallet Large Capacity Leather RFID, Put Card Holder Phone, Zip Sunflower Purse Clutch for Travel Work (Sunflower)",$29.99
Women's Wallet Genuine Leather RFID Blocking Large Capacity Trifold Ladies Wallet,Lavemi,$15.99
Womens Large Capacity Genuine Leather RFID Blocking Wallets Wristlet Clutch Card Holder,Small Compact Women Wallet RFID Blocking Genuine Leather Bifold Purse with ID Windows,$21.67
"RFID Wallets for Women, Leaf Card Holder Trifold Ladies Wallets Coins Zipper Pocket with ID Window",Travelambo,$28.00
Women's Naya Large Zip Around Wallet,Womens Walllet RFID Blocking Bifold Multi Card Case Wallet with Zipper Pocket,$18.86
Women's Straw Clutch Summer Woven Purse Shoulder Crossbody Bag Beach Straw Envelope Clutch Wallet for Women,Timberland,$28.99
Jet Set Travel Double Zip Wristlet,Women's Leather RFID Small Indexer Snap Wallet Billfold,$18.49
Womens Wallet Large Capacity RFID Blocking Genuine Leather Wristlet Wallets,UTO,$28.99
Women Wallet Long PU Leather Large Capacity Multi Card Slots Case Leaf Wallet Phone Passport Checkbook Wallet for Women with Zipper Pocket Coin Purse (Leaf Black),Small Wallet for Women PU Leather Leaf Pendant Card Holder Organizer Zipper Girls Coin Purse,$15.99
Women's Jet Set Travel Large Trifold Wallet,CLUCI,$26.99
Ultra Slim Thin Leather RFID Blocking Credit Card Holder Bifold Clutch Wallets for Women,Women Wallet Large Leather Designer Zip Around Card Holder Organizer Ladies Travel Clutch Wristlet,$19.99
Large Capacity RFID Blocking Genuine Leather Wallets for Women with Wristlet Trifold Ladies Billfold with Zipper by UMODE,Travelambo,$24.99
"Wristlet Wallets for Women, Ladies PU Vegan Leather Clutch Wallet Zip around Phone Purse Card Holder Organizer",Womens Walllet RFID Blocking Bifold Multi Card Case Wallet with Zipper Pocket,$7.88
"Minimalist Wallet, Slim Wallet with Neck Lanyard and Wrist Strap, Credit Card Holder Wallet, RFID Blocking Front Pocket Wallet for Men Women, Black",BOSTANTEN,$15.00
Women's Wallet Genuine Leather RFID Blocking Large Capacity Trifold Ladies Wallet,Women Leather Wallet RFID Blocking Small Bifold Zipper Pocket Wallet Card Case Purse with ID Window,$21.99
Rfid Wallet Women Leather Bifold Compact Small Wallet for Women (Orange),Pofee,$75.00
Women's RFID Blocking 100% Leather Large Capacity Zip Around Wallet Phone Holder Clutch Travel Purse Wristlet,PofeeXIO Womens Small Bifold Leather Wallets Rfid Ladies Wristlet with Card slots id window Zipper Coin Purse,$88.40
Womens Leather Wallets RFID Blocking Large Capacity Credit Cards Holder Phone Clutch,Moflycom,$29.99
Womens Large Capacity Genuine Leather RFID Blocking Wallets Wristlet Clutch Card Holder,Womens Wallet RFID Blocking Genuine Leather Multi Credit Card Large Capacity Zip Around Clutch Travel Purse Wristlet,$36.99
Womens Wallet Leather Large Wristlet Phone Holder Zip Around Clutch Purse Brown,LIZHIGU,$29.99
