Price,Name
$7.99,Men's Croft & Barrow® Easy-Care Pique Polo
$7.99,Men's Sonoma Goods For Life® Supersoft Crewneck Tee
$18.75,Men's Under Armour Tech Graphic Shorts
$17.60,Men's Nike 6-pack Everyday Plus Cushion Crew Training Socks
$19.99,Men's Nike Dri-FIT Training Tee
$10.99,Men's Tek Gear® Mesh Shorts
$10.99,Men's Tek Gear® Dry Tek Tee
$16.00,Men's Sonoma Goods For Life® 10-Inch Outdoor Flexwear Cargo Shorts
$24.99,Men's Sonoma Goods For Life® 10-Inch Flexwear Ripstop Cargo Shorts
$19.50 - $23.99,Men's Nike Dri-FIT Icon Basketball Shorts
$49.99,Men's Haggar® Cool Right® Performance Flex Classic-Fit Flat-Front Pants
$43.99,Men's Nike Sportswear Club Fleece Pullover Hoodie
$11.99,Men's Apt. 9® Solid Crewneck Tee
$29.99,Men's Sonoma Goods For Life® Regular-Fit Jeans
$19.99,"Men's Sonoma Goods For Life® Everyday 10"" Cargo Shorts"
$19.99,Men's Tek Gear® Tricot Pants
$10.99,"Men's Tek Gear® Dry Tek Shorts 9"""
$11.99,Men's Sonoma Goods For Life® Supersoft Graphic Tee
$19.99,Sonoma Goods For Life® 10-Inch Everyday Flat-Front Shorts
$48.65,Men's Levi's® 505™ Regular Jeans
$12.50,Men's Sonoma Goods For Life® Supersoft Lightweight Polo
$14.40,Men's Sonoma Goods For Life® Pull-On 9-inch Shorts
$10.80,Men's Croft & Barrow® Slim-Fit & Regular-Fit Plaid Woven Flannel Button-Down Shirt
$29.99,Men's Sonoma Goods For Life® Straight-Fit Stretch Chino Pants
$36.99,Men's Apt. 9® Premier Flex Slim-Fit Spread-Collar Dress Shirt
$11.99,Men's Apt. 9® Standard-Fit Graphic Tee
$11.99,Men's Apt. 9® Solid V-neck Tee
$24.99,Men's Sonoma Goods For Life® Perfect Length Button-Down Shirt
$22.50,Men's adidas Designed 2 Move Shorts
$18.75,Men's Under Armour Tech 2.0 Short Sleeve Tee
$48.65,Men's Levi's® 505™ Regular-Fit Stretch Jeans
$24.99,Men's Sonoma Goods For Life® 9-Inch Flexwear Flat-Front Shorts
$48.65 - $55.65,Men's Levi's® 501™ Original-Fit Jeans
$16.80,Men's Vans® Off the Wall Graphic Tee
$34.99,Men's Sonoma Goods For Life® Flexwear Straight-Fit Jeans
$43.99,Men's Nike Sportswear Club Fleece Joggers
$119.99,Men's Apt. 9® Premier Flex Performance Slim-Fit Washable Suit Jacket
$34.99,Men's Lee® Performance Series Extreme Comfort Khaki Straight-Fit Flat-Front Pants
$47.99,Men's Nike Sportswear Club Fleece Full-Zip Hoodie
$31.99,Men's Nike Sportswear Club Shorts
$35.99,Men's Nike Sportswear Club Fleece Pants
$29.99,Men's Sonoma Goods For Life® Slim-Fit Stretch Jeans
$41.25,Men’s Haggar® Premium Comfort Expandable-Waist Classic-Fit Stretch Flat-Front Dress Pants
$7.99,Men's Under Armour Tech Moisture Wicking Shorts
$19.99,Big & Tall Sonoma Goods For Life® Tee
$44.99,"Men's Croft & Barrow® 7.5"" Elastic-Side Cargo Shorts"
$60.00,Men's Dockers® Straight-Fit Jean Cut Khaki All Seasons Tech Pants
